City_ID,City,Country,Date,Lat,Lng,Max Temp,Humidity,Cloudiness,Wind Speed
0,Butaritari,KI,2021-08-08 21:36:57,3.0707,172.7902,83.64,62,56,11.34
1,Kodiak,US,2021-08-08 21:36:58,57.79,-152.4072,58.51,77,75,6.91
2,Qasigiannguit,GL,2021-08-08 21:36:58,68.8193,-51.1922,44.85,92,100,8.79
3,Tuktoyaktuk,CA,2021-08-08 21:36:58,69.4541,-133.0374,48.2,76,90,9.22
4,Bethel,US,2021-08-08 21:36:59,41.3712,-73.414,81.48,73,1,5.75
5,Beaverlodge,CA,2021-08-08 21:36:59,55.2166,-119.4361,67.35,32,13,6.38
6,Busselton,AU,2021-08-08 21:37:00,-33.65,115.3333,53.1,53,100,22.93
7,Rikitea,PF,2021-08-08 21:37:00,-23.1203,-134.9692,74.43,75,1,12.12
8,Evensk,RU,2021-08-08 21:37:00,61.95,159.2333,60.91,49,34,10.45
9,Thinadhoo,MV,2021-08-08 21:37:01,0.5333,72.9333,80.47,76,99,4.32
10,Aklavik,CA,2021-08-08 21:35:33,68.2191,-135.0107,54.32,43,6,4.23
11,Lucapa,AO,2021-08-08 21:37:01,-8.4192,20.7447,69.51,20,74,1.61
12,Takoradi,GH,2021-08-08 21:37:01,4.8845,-1.7554,75.9,88,75,9.01
13,Puerto Ayora,EC,2021-08-08 21:37:02,-0.7393,-90.3518,76.96,82,52,5.99
14,Touros,BR,2021-08-08 21:37:02,-5.1989,-35.4608,77.9,79,39,16.71
15,Ushuaia,AR,2021-08-08 21:35:11,-54.8,-68.3,42.46,61,75,6.91
16,Qaanaaq,GL,2021-08-08 21:37:03,77.484,-69.3632,40.44,72,20,3.04
17,Ancud,CL,2021-08-08 21:37:03,-41.8697,-73.8203,50.43,77,14,2.59
18,Khatanga,RU,2021-08-08 21:37:03,71.9667,102.5,52.43,72,100,10.83
19,Hobyo,SO,2021-08-08 21:37:04,5.3505,48.5268,76.39,87,54,24.56
20,Beringovskiy,RU,2021-08-08 21:37:04,63.05,179.3167,43.63,86,100,20.76
21,Kapaa,US,2021-08-08 21:33:23,22.0752,-159.319,84.52,65,40,4.0
22,Ahipara,NZ,2021-08-08 21:37:05,-35.1667,173.1667,49.78,76,94,17.36
23,Mataura,NZ,2021-08-08 21:33:20,-46.1927,168.8643,37.47,94,91,3.76
24,Praia Da Vitoria,PT,2021-08-08 21:37:05,38.7333,-27.0667,71.85,94,75,18.05
25,Trincomalee,LK,2021-08-08 21:37:05,8.5711,81.2335,80.4,76,100,19.39
26,Mandera,KE,2021-08-08 21:37:06,3.9366,41.867,77.68,57,78,20.94
27,Atuona,PF,2021-08-08 21:35:36,-9.8,-139.0333,77.76,79,24,21.0
28,Cooma,AU,2021-08-08 21:37:06,-36.2333,149.1333,33.57,100,90,6.91
29,Lasa,IT,2021-08-08 21:37:06,46.6166,10.7002,62.51,92,28,1.9
30,Los Llanos De Aridane,ES,2021-08-08 21:37:07,28.6585,-17.9182,69.55,97,90,8.05
31,Antalaha,MG,2021-08-08 21:35:28,-14.9003,50.2788,66.7,86,32,6.02
32,Cayenne,GF,2021-08-08 21:37:07,4.9333,-52.3333,84.24,83,0,4.0
33,San Cristobal,VE,2021-08-08 21:37:08,7.7669,-72.225,77.18,94,96,2.3
34,Jamestown,US,2021-08-08 21:36:52,42.097,-79.2353,82.02,64,40,1.01
35,Hasaki,JP,2021-08-08 21:37:08,35.7333,140.8333,81.0,83,54,19.98
36,Tasiilaq,GL,2021-08-08 21:37:08,65.6145,-37.6368,46.56,94,100,20.09
37,Elat,IL,2021-08-08 21:33:48,29.5581,34.9482,91.24,33,0,10.36
38,Tarazona,ES,2021-08-08 21:37:09,41.9,-1.7333,72.19,66,0,4.29
39,Bambous Virieux,MU,2021-08-08 21:37:09,-20.3428,57.7575,68.25,94,75,8.05
40,Beaupre,CA,2021-08-08 21:37:09,47.0443,-70.8953,78.8,58,29,8.7
41,Barrow,US,2021-08-08 21:35:02,71.2906,-156.7887,39.22,88,90,9.22
42,Tiksi,RU,2021-08-08 21:34:51,71.6872,128.8694,49.44,75,46,4.41
43,Tuatapere,NZ,2021-08-08 21:37:10,-46.1333,167.6833,37.81,89,99,6.2
44,Hermanus,ZA,2021-08-08 21:33:35,-34.4187,19.2345,54.81,87,100,22.5
45,Bathsheba,BB,2021-08-08 21:34:06,13.2167,-59.5167,84.81,70,20,21.85
46,Ucluelet,CA,2021-08-08 21:32:32,48.9329,-125.5528,78.04,74,10,5.37
47,Frontera,MX,2021-08-08 21:37:10,26.9333,-101.45,98.92,25,3,8.28
48,Bredasdorp,ZA,2021-08-08 21:37:11,-34.5322,20.0403,56.52,72,100,9.22
49,Cidreira,BR,2021-08-08 21:37:11,-30.1811,-50.2056,60.31,91,1,8.99
50,Caravelas,BR,2021-08-08 21:35:23,-17.7125,-39.2481,68.81,80,1,6.6
51,Cabo San Lucas,MX,2021-08-08 21:37:12,22.8909,-109.9124,96.51,66,40,11.5
52,Puebla,MX,2021-08-08 21:37:12,18.8333,-98.0,64.17,60,82,4.68
53,Ust-Nera,RU,2021-08-08 21:37:12,64.5667,143.2,68.36,45,6,4.27
54,Saint Anthony,US,2021-08-08 21:35:56,45.0205,-93.218,80.53,75,90,6.91
55,Hithadhoo,MV,2021-08-08 21:37:13,-0.6,73.0833,80.29,76,100,3.4
56,Albany,US,2021-08-08 21:33:08,42.6001,-73.9662,86.76,54,20,6.35
57,Port Elizabeth,ZA,2021-08-08 21:37:13,-33.918,25.5701,54.1,82,93,8.9
58,Port Alfred,ZA,2021-08-08 21:33:05,-33.5906,26.891,60.08,83,61,14.0
59,Bengkulu,ID,2021-08-08 21:37:14,-3.8004,102.2655,75.67,89,49,3.6
60,Geraldton,AU,2021-08-08 21:37:14,-28.7667,114.6,63.01,72,9,14.97
61,Teguldet,RU,2021-08-08 21:37:15,57.3064,88.1667,60.53,88,77,2.95
62,Dongsheng,CN,2021-08-08 21:37:15,39.8161,109.9776,66.45,54,64,5.82
63,Carlsbad,US,2021-08-08 21:36:10,33.1581,-117.3506,98.76,67,1,5.01
64,Fortuna,US,2021-08-08 21:33:25,40.5982,-124.1573,89.19,84,90,1.99
65,Yellowknife,CA,2021-08-08 21:37:16,62.456,-114.3525,55.92,47,75,5.75
66,Guerrero Negro,MX,2021-08-08 21:37:16,27.9769,-114.0611,79.95,57,5,13.98
67,Fare,PF,2021-08-08 21:37:16,-16.7,-151.0167,79.03,75,13,11.39
68,Kungurtug,RU,2021-08-08 21:37:17,50.5994,97.5228,46.44,92,15,1.41
69,Saint-Philippe,RE,2021-08-08 21:37:17,-21.3585,55.7679,67.55,84,27,8.41
70,Hilo,US,2021-08-08 21:36:30,19.7297,-155.09,82.26,74,90,6.91
71,Punta Arenas,CL,2021-08-08 21:37:17,-53.15,-70.9167,41.11,75,90,17.27
72,Nome,US,2021-08-08 21:37:18,64.5011,-165.4064,57.27,72,90,19.57
73,Tabas,IR,2021-08-08 21:37:18,33.5959,56.9244,88.65,14,0,8.21
74,East London,ZA,2021-08-08 21:37:18,-33.0153,27.9116,64.71,62,46,16.13
75,Baiyin,CN,2021-08-08 21:33:57,36.5583,104.2081,61.68,58,10,0.43
76,Port Blair,IN,2021-08-08 21:34:14,11.6667,92.75,81.95,83,100,10.76
77,Carnarvon,AU,2021-08-08 21:33:52,-24.8667,113.6333,59.07,85,75,4.61
78,Hambantota,LK,2021-08-08 21:37:19,6.1241,81.1185,79.14,94,1,9.22
79,Nchelenge,ZM,2021-08-08 21:37:19,-9.3451,28.734,67.17,43,0,3.76
80,Pemangkat,ID,2021-08-08 21:37:20,1.1667,108.9667,77.79,87,99,4.54
81,Provideniya,RU,2021-08-08 21:37:20,64.3833,-173.3,46.51,76,75,8.95
82,Roswell,US,2021-08-08 21:34:35,34.0232,-84.3616,89.85,63,20,1.01
83,Flinders,AU,2021-08-08 21:37:20,-34.5833,150.8552,49.17,85,99,1.01
84,Mokhsogollokh,RU,2021-08-08 21:37:21,61.4681,128.9203,58.32,55,93,5.14
85,Husavik,IS,2021-08-08 21:37:21,66.0449,-17.3389,55.31,86,39,3.6
86,Arraial Do Cabo,BR,2021-08-08 21:37:21,-22.9661,-42.0278,69.76,78,0,17.27
87,Camacha,PT,2021-08-08 21:35:42,33.0833,-16.3333,67.53,73,40,9.22
88,Norman Wells,CA,2021-08-08 21:37:22,65.282,-126.8329,55.44,58,75,12.66
89,Thompson,CA,2021-08-08 21:32:40,55.7435,-97.8558,69.96,78,75,8.05
90,Castro,BR,2021-08-08 21:34:52,-24.7911,-50.0119,61.74,59,99,3.89
91,Puchov,SK,2021-08-08 21:37:22,49.1249,18.326,65.1,94,99,4.09
92,Ribeira Grande,PT,2021-08-08 21:37:23,38.5167,-28.7,72.82,87,72,16.28
93,Half Moon Bay,US,2021-08-08 21:37:23,37.4636,-122.4286,96.58,68,1,1.99
94,Victoria Point,AU,2021-08-08 21:37:23,-27.5833,153.3,60.15,95,95,1.01
95,Luderitz,NA,2021-08-08 21:37:24,-26.6481,15.1594,55.27,85,89,7.0
96,Ryabovo,RU,2021-08-08 21:37:24,59.4,31.1333,62.26,97,98,4.34
97,Pevek,RU,2021-08-08 21:37:24,69.7008,170.3133,37.78,80,18,11.25
98,Meulaboh,ID,2021-08-08 21:37:25,4.1363,96.1285,76.53,92,95,6.58
99,Formosa Do Rio Preto,BR,2021-08-08 21:37:25,-11.0483,-45.1931,74.07,40,12,3.33
100,Macenta,GN,2021-08-08 21:37:25,8.5435,-9.471,68.81,100,100,0.34
101,Sao Filipe,CV,2021-08-08 21:37:26,14.8961,-24.4956,79.03,85,32,4.29
102,Nikolskoye,RU,2021-08-08 21:34:10,59.7035,30.7861,65.01,96,99,4.5
103,Teya,RU,2021-08-08 21:37:26,60.3778,92.6267,54.05,88,75,3.31
104,Dikson,RU,2021-08-08 21:37:27,73.5069,80.5464,42.96,94,0,5.79
105,Hobart,AU,2021-08-08 21:36:00,-42.8794,147.3294,45.1,89,40,10.36
106,Fuling,CN,2021-08-08 21:37:27,29.7022,107.3919,77.47,97,100,3.4
107,Canaries,ES,2021-08-08 21:37:27,28.0,-15.5,66.4,68,20,21.85
108,Kruisfontein,ZA,2021-08-08 21:35:45,-34.0033,24.7314,51.89,90,100,6.42
109,Havoysund,NO,2021-08-08 21:37:28,70.9963,24.6622,67.08,66,52,11.01
110,Faanui,PF,2021-08-08 21:33:18,-16.4833,-151.75,78.89,77,21,13.13
111,Livny,RU,2021-08-08 21:37:28,52.4253,37.6069,66.0,64,34,8.16
112,Palencia,ES,2021-08-08 21:37:29,42.4167,-4.5,62.92,82,21,9.4
113,Amapa,BR,2021-08-08 21:37:29,1.0,-52.0,78.89,72,100,1.63
114,Fort Nelson,CA,2021-08-08 21:37:29,58.8053,-122.7002,67.59,60,75,3.44
115,Pushkino,RU,2021-08-08 21:37:29,56.0172,37.8667,69.01,81,0,1.21
116,Chokurdakh,RU,2021-08-08 21:33:13,70.6333,147.9167,63.41,48,47,14.03
117,Tocopilla,CL,2021-08-08 21:37:30,-22.092,-70.1979,63.23,65,75,15.43
118,Narsaq,GL,2021-08-08 21:37:30,60.9167,-46.05,52.02,67,9,9.35
119,Vaini,TO,2021-08-08 21:37:30,-21.2,-175.2,71.76,78,75,0.0
120,New Norfolk,AU,2021-08-08 21:37:31,-42.7826,147.0587,44.74,84,28,2.84
121,Carauari,BR,2021-08-08 21:37:31,-4.8828,-66.8958,83.44,57,80,3.22
122,Kasama,ZM,2021-08-08 21:37:31,-10.2129,31.1808,56.26,53,0,3.69
123,Bluff,NZ,2021-08-08 21:37:32,-46.6,168.3333,37.8,69,94,13.4
124,Ilulissat,GL,2021-08-08 21:37:32,69.2167,-51.1,44.62,81,75,6.91
125,Winfield,US,2021-08-08 21:37:32,37.2398,-96.9956,94.44,55,40,12.66
126,Cockburn Town,TC,2021-08-08 21:37:33,21.4612,-71.1419,85.96,66,40,16.11
127,Wahiawa,US,2021-08-08 21:37:33,21.5028,-158.0236,84.52,63,90,10.36
128,Pacific Grove,US,2021-08-08 21:37:33,36.6177,-121.9166,94.01,74,20,3.0
129,Victoria,HK,2021-08-08 21:36:49,22.2855,114.1577,85.32,90,100,1.01
130,Esperance,AU,2021-08-08 21:37:34,-33.8667,121.9,60.64,76,1,21.36
131,Tougue,GN,2021-08-08 21:37:34,11.4667,-11.6,66.49,99,98,2.71
132,Okha,RU,2021-08-08 21:37:35,53.5739,142.9478,56.41,68,12,2.64
133,Sur,OM,2021-08-08 21:37:35,22.5667,59.5289,87.58,59,6,12.84
134,Kavieng,PG,2021-08-08 21:37:35,-2.5744,150.7967,82.31,75,99,10.51
135,Opuwo,NA,2021-08-08 21:37:36,-18.0607,13.84,61.88,25,11,3.11
136,Leningradskiy,RU,2021-08-08 21:33:39,69.3833,178.4167,40.44,75,26,18.07
137,Lake City,US,2021-08-08 21:37:36,30.1897,-82.6393,92.79,48,29,3.24
138,Amatan,MX,2021-08-08 21:37:37,17.35,-92.75,79.79,91,55,1.72
139,Jeremie,HT,2021-08-08 21:37:37,18.65,-74.1167,83.97,69,32,5.57
140,Ayorou,NE,2021-08-08 21:37:37,14.7308,0.9174,95.04,38,100,4.65
141,Bogatoye,RU,2021-08-08 21:37:38,53.0601,51.3325,67.68,46,76,7.05
142,Palauig,PH,2021-08-08 21:37:38,15.435,119.9045,80.29,84,100,6.8
143,Yulara,AU,2021-08-08 21:37:38,-25.2406,130.9889,37.24,52,0,5.75
144,Ballina,AU,2021-08-08 21:37:39,-28.8667,153.5667,60.76,63,90,9.22
145,Uzhur,RU,2021-08-08 21:37:39,55.3036,89.8339,56.34,91,0,2.24
146,Waipawa,NZ,2021-08-08 21:37:39,-41.4122,175.5153,43.43,63,97,23.0
147,Gigmoto,PH,2021-08-08 21:37:40,13.7796,124.39,80.64,81,95,1.52
148,Saint George,US,2021-08-08 21:33:15,37.1041,-113.5841,104.47,12,1,3.0
149,Georgetown,MY,2021-08-08 21:33:03,5.4112,100.3354,81.9,82,20,3.44
150,Grand Gaube,MU,2021-08-08 21:36:28,-20.0064,57.6608,68.4,89,83,3.0
151,Lanzhou,CN,2021-08-08 21:37:40,36.0564,103.7922,63.68,47,46,0.67
152,Lagoa,PT,2021-08-08 21:37:41,39.05,-27.9833,72.16,86,14,19.91
153,Galesong,ID,2021-08-08 21:37:41,-5.3166,119.3661,71.62,79,31,4.94
154,Mar Del Plata,AR,2021-08-08 21:37:41,-38.0023,-57.5575,50.02,71,0,9.22
155,Nanortalik,GL,2021-08-08 21:37:41,60.1432,-45.2371,43.63,88,34,13.11
156,Asau,RO,2021-08-08 21:36:19,46.4333,26.4,65.32,68,2,3.2
157,Rock Sound,BS,2021-08-08 21:37:42,24.9,-76.2,83.43,71,68,9.57
158,Tual,ID,2021-08-08 21:34:52,-5.6667,132.75,80.01,80,100,18.45
159,Sakakah,SA,2021-08-08 21:37:43,29.9697,40.2064,92.77,17,0,8.39
160,Tambura,SS,2021-08-08 21:37:43,5.6,27.4667,67.84,93,100,1.54
161,Cape Town,ZA,2021-08-08 21:37:43,-33.9258,18.4232,56.1,92,75,5.01
162,Talnakh,RU,2021-08-08 21:37:44,69.4865,88.3972,58.64,62,1,3.78
163,Chuy,UY,2021-08-08 21:37:44,-33.6971,-53.4616,58.51,94,100,10.49
164,Mount Isa,AU,2021-08-08 21:35:44,-20.7333,139.5,44.37,53,0,1.14
165,Katsuura,JP,2021-08-08 21:34:05,35.1333,140.3,84.31,85,83,24.45
166,Najran,SA,2021-08-08 21:35:59,17.4924,44.1277,88.45,23,63,4.03
167,Samdrup Jongkhar,BT,2021-08-08 21:37:45,26.9167,91.6167,72.07,93,100,2.93
168,Oistins,BB,2021-08-08 21:37:45,13.0667,-59.5333,84.29,70,20,21.85
169,Souillac,MU,2021-08-08 21:33:38,-20.5167,57.5167,68.38,94,75,8.05
170,Lavrentiya,RU,2021-08-08 21:37:46,65.5833,-171.0,47.62,70,47,13.94
171,Bridlington,GB,2021-08-08 21:37:46,54.0831,-0.1919,59.9,82,46,19.17
172,Egvekinot,RU,2021-08-08 21:37:46,66.3167,-179.1667,46.89,52,73,13.53
173,Chimbote,PE,2021-08-08 21:37:47,-9.0853,-78.5783,65.55,76,8,13.47
174,Sahuaripa,MX,2021-08-08 21:37:47,29.05,-109.2333,90.1,56,90,3.27
175,Zaragoza,ES,2021-08-08 21:32:56,41.6561,-0.8773,75.65,61,0,4.0
176,Mahebourg,MU,2021-08-08 21:37:47,-20.4081,57.7,68.29,94,75,8.05
177,Nizhniy Tsasuchey,RU,2021-08-08 21:37:48,50.5167,115.1333,61.7,82,100,2.66
178,Avarua,CK,2021-08-08 21:37:48,-21.2078,-159.775,77.05,69,75,8.05
179,Petropavlovsk-Kamchatskiy,RU,2021-08-08 21:37:48,53.0452,158.6483,50.59,93,75,4.47
180,Leh,IN,2021-08-08 21:37:49,34.1667,77.5833,60.49,54,19,5.35
181,San Ramon,US,2021-08-08 21:33:49,37.7799,-121.978,93.07,47,1,7.0
182,Raudeberg,NO,2021-08-08 21:37:50,61.9875,5.1352,58.19,78,8,3.78
183,Huaicheng,CN,2021-08-08 21:37:51,23.9051,112.1931,77.02,98,100,1.21
184,Alofi,NU,2021-08-08 21:37:51,-19.0595,-169.9187,75.09,94,100,6.91
185,Kloulklubed,PW,2021-08-08 21:37:51,7.0419,134.2556,77.5,74,100,11.18
186,Chico,US,2021-08-08 21:37:52,39.7285,-121.8375,98.64,11,0,10.33
187,Isangel,VU,2021-08-08 21:37:52,-19.55,169.2667,69.91,83,75,6.91
188,Aykhal,RU,2021-08-08 21:37:52,66.0,111.5,54.07,80,9,2.57
189,Colombo,LK,2021-08-08 21:32:56,6.9319,79.8478,80.55,90,88,8.81
190,Bud,US,2021-08-08 21:37:53,39.447,-86.1758,88.3,60,83,5.21
191,Pandan,PH,2021-08-08 21:37:53,14.0453,124.1694,80.51,80,92,4.59
192,Cherskiy,RU,2021-08-08 21:37:53,68.75,161.3,58.53,35,24,0.18
193,Margate,GB,2021-08-08 21:35:27,51.3813,1.3862,60.91,80,30,4.0
194,San Quintin,MX,2021-08-08 21:37:54,30.4833,-115.95,73.56,65,14,10.45
195,Carnot,CF,2021-08-08 21:37:54,4.9409,15.8665,68.59,97,74,2.04
196,Lompoc,US,2021-08-08 21:37:54,34.6391,-120.4579,83.21,69,1,13.8
197,Zhigansk,RU,2021-08-08 21:37:55,66.7697,123.3711,62.51,37,76,10.27
198,Naze,JP,2021-08-08 21:37:55,28.3667,129.4833,77.94,86,8,10.31
199,Clinton,US,2021-08-08 21:37:43,42.587,-82.9199,90.12,68,75,1.01
200,Kambia,SL,2021-08-08 21:37:56,9.1167,-12.9167,74.98,91,100,4.5
201,Lebu,CL,2021-08-08 21:37:56,-37.6167,-73.65,46.33,77,6,7.18
202,Mareeba,AU,2021-08-08 21:37:56,-17.0,145.4333,65.48,89,29,3.2
203,Ponta Delgada,PT,2021-08-08 21:37:56,37.7333,-25.6667,72.32,83,75,12.66
204,Stillwater,US,2021-08-08 21:37:57,36.1156,-97.0584,96.85,49,75,11.5
205,Vila Franca Do Campo,PT,2021-08-08 21:37:57,37.7167,-25.4333,72.01,88,48,10.96
206,Laguna,US,2021-08-08 21:37:36,38.421,-121.4238,102.22,32,1,3.0
207,Haines Junction,CA,2021-08-08 21:34:36,60.7522,-137.5108,62.55,51,100,4.61
208,Savannah Bight,HN,2021-08-08 21:37:58,16.45,-85.85,89.65,79,99,23.78
209,Meadow Lake,US,2021-08-08 21:37:58,34.8014,-106.5436,95.83,11,0,7.0
210,Yinchuan,CN,2021-08-08 21:34:13,38.4681,106.2731,71.06,51,0,8.28
211,Sarangani,PH,2021-08-08 21:37:58,5.4033,125.4636,81.52,69,99,3.0
212,Pisco,PE,2021-08-08 21:37:59,-13.7,-76.2167,64.45,72,75,19.57
213,Poltavka,RU,2021-08-08 21:37:59,54.3663,71.7632,60.73,96,94,8.63
214,Diffa,NE,2021-08-08 21:37:59,13.3154,12.6113,80.46,67,68,11.27
215,Ponta Do Sol,PT,2021-08-08 21:38:00,32.6667,-17.1,71.01,76,27,3.4
216,Branca,PT,2021-08-08 21:38:00,40.7665,-8.4826,63.48,91,38,4.25
217,Sri Aman,MY,2021-08-08 21:38:00,1.2376,111.4621,71.65,94,100,2.3
218,Mitu,CO,2021-08-08 21:38:01,1.1983,-70.1733,76.82,84,99,3.13
219,Mayo,US,2021-08-08 21:38:01,38.8876,-76.5119,93.38,66,1,5.99
220,Pervomayskoye,RU,2021-08-08 21:38:01,43.919,46.7102,83.93,44,76,7.63
221,Murray,US,2021-08-08 21:37:17,40.6669,-111.888,96.62,16,1,5.01
222,Bada,RU,2021-08-08 21:38:02,51.392,109.8717,49.53,94,7,3.89
223,Buchanan,LR,2021-08-08 21:38:02,5.8808,-10.0467,76.96,86,49,8.81
224,Ugoofaaru,MV,2021-08-08 21:38:02,5.6667,73.0,82.26,74,85,14.07
225,Bandarban,BD,2021-08-08 21:38:03,22.1965,92.2262,74.73,98,99,2.77
226,Aleksandrovka,UA,2021-08-08 21:38:03,46.8383,32.7612,73.6,54,100,13.89
227,Vila,PT,2021-08-08 21:38:03,42.0304,-8.1588,55.71,80,100,2.86
228,Zunyi,CN,2021-08-08 21:38:04,27.6867,106.9072,72.72,96,100,2.21
229,Udachnyy,RU,2021-08-08 21:38:04,66.4167,112.4,55.08,82,27,2.82
230,Taguatinga,BR,2021-08-08 21:38:04,-12.3857,-46.5711,80.11,30,43,3.42
231,Arlit,NE,2021-08-08 21:35:39,18.7369,7.3853,97.66,23,98,6.42
232,Namatanai,PG,2021-08-08 21:35:47,-3.6667,152.4333,80.65,78,67,6.67
233,Vila Velha,BR,2021-08-08 21:38:05,-20.3297,-40.2925,69.75,78,20,2.3
234,Olafsvik,IS,2021-08-08 21:38:06,64.8945,-23.7142,56.77,80,100,7.47
235,Beyneu,KZ,2021-08-08 21:38:06,45.3167,55.2,87.33,19,0,8.66
236,Balkhash,KZ,2021-08-08 21:38:06,46.844,74.9804,70.83,59,76,19.13
237,Sakaraha,MG,2021-08-08 21:38:07,-22.9,44.5333,56.75,73,0,2.33
238,Urumqi,CN,2021-08-08 21:34:20,43.801,87.6005,76.15,34,0,6.71
239,Ukiah,US,2021-08-08 21:34:20,39.1502,-123.2078,100.53,29,1,6.91
240,Dalmatovo,RU,2021-08-08 21:38:07,56.26,62.9362,59.05,97,52,10.09
241,Salzgitter,DE,2021-08-08 21:38:07,52.1526,10.3314,59.49,73,80,9.86
242,Tambovka,RU,2021-08-08 21:38:08,50.0969,128.0489,57.31,81,99,9.48
243,Gidam,IN,2021-08-08 21:38:08,18.9833,81.4,75.49,87,100,2.13
244,Fiumicino,IT,2021-08-08 21:38:08,41.7675,12.2291,82.49,90,40,3.44
245,Poroszlo,HU,2021-08-08 21:38:09,47.65,20.6667,76.95,66,93,4.34
246,Kahului,US,2021-08-08 21:38:06,20.8947,-156.47,86.02,55,20,19.57
247,Zlotoryja,PL,2021-08-08 21:38:09,51.1264,15.9198,65.07,83,79,7.78
248,Shenzhen,CN,2021-08-08 21:38:09,22.5455,114.0683,85.21,93,100,4.14
249,Pangai,TO,2021-08-08 21:38:10,-19.8,-174.35,77.11,61,20,4.61
250,Debre Sina,ET,2021-08-08 21:38:10,9.85,39.7667,54.01,83,55,2.35
251,Cherdyn,RU,2021-08-08 21:38:11,60.403,56.4787,47.21,98,63,4.52
252,Sorland,NO,2021-08-08 21:38:11,67.667,12.6934,58.6,78,83,16.28
253,Airai,TL,2021-08-08 21:38:11,-8.9266,125.4092,54.07,88,29,1.9
254,Beziers,FR,2021-08-08 21:34:20,43.3476,3.219,72.68,56,0,6.91
255,Shepsi,RU,2021-08-08 21:38:12,44.0361,39.1489,75.11,80,80,5.26
256,Yakeshi,CN,2021-08-08 21:38:12,49.2833,120.7333,61.32,94,100,4.76
257,Hovd,MN,2021-08-08 21:38:12,48.0056,91.6419,59.81,56,50,2.19
258,Denpasar,ID,2021-08-08 21:38:13,-8.65,115.2167,78.46,89,40,6.91
259,Skegness,GB,2021-08-08 21:33:53,53.1436,0.3363,59.99,80,25,16.28
260,Kutum,SD,2021-08-08 21:38:13,14.2,24.6667,69.49,77,47,12.73
261,Weihe,CN,2021-08-08 21:38:13,32.9952,105.3247,64.31,75,68,5.99
262,Zemio,CF,2021-08-08 21:38:14,5.0314,25.1361,68.45,95,100,2.77
263,Kirakira,SB,2021-08-08 21:38:14,-10.4544,161.9205,80.37,80,51,6.22
264,Lagos,NG,2021-08-08 21:38:01,6.5833,3.75,77.32,93,98,6.15
265,Kariba,ZW,2021-08-08 21:38:14,-16.5167,28.8,64.06,40,0,3.83
266,Aktas,KZ,2021-08-08 21:38:15,49.7789,72.9608,46.15,71,53,5.68
267,Maceio,BR,2021-08-08 21:38:15,-9.6658,-35.7353,72.84,88,75,8.05
268,Hofn,IS,2021-08-08 21:38:16,64.2539,-15.2082,56.01,77,17,0.58
269,Ilebo,CD,2021-08-08 21:38:16,-4.3167,20.5833,75.97,51,67,1.28
270,Crailsheim,DE,2021-08-08 21:38:16,49.1344,10.0719,57.69,93,6,4.25
271,Kaitangata,NZ,2021-08-08 21:38:17,-46.2817,169.8464,38.91,83,90,8.95
272,Fairbanks,US,2021-08-08 21:35:13,64.8378,-147.7164,64.6,78,90,5.75
273,Alyangula,AU,2021-08-08 21:38:17,-13.8483,136.4192,62.47,94,40,0.0
274,Bestobe,KZ,2021-08-08 21:38:17,52.4994,73.0975,61.59,81,100,9.51
275,Torbay,CA,2021-08-08 21:36:38,47.6666,-52.7314,58.75,91,90,14.97
276,Turayf,SA,2021-08-08 21:38:18,31.6725,38.6637,80.85,41,0,13.8
277,Alice Springs,AU,2021-08-08 21:38:18,-23.7,133.8833,35.15,55,0,3.44
278,Tautira,PF,2021-08-08 21:38:18,-17.7333,-149.15,84.22,76,33,9.42
279,Mugumu,TZ,2021-08-08 21:38:19,-1.85,34.7,63.88,74,65,3.29
280,Pangkalanbuun,ID,2021-08-08 21:38:19,-2.6833,111.6167,73.89,99,93,2.08
281,Asfi,MA,2021-08-08 21:38:20,32.2994,-9.2372,67.59,78,0,16.8
282,Porto Novo,BJ,2021-08-08 21:38:20,6.4965,2.6036,76.82,90,100,8.95
283,Chumphon,TH,2021-08-08 21:38:20,10.3333,98.8333,73.2,96,40,3.15
284,Klaksvik,FO,2021-08-08 21:38:21,62.2266,-6.589,50.92,94,95,6.11
285,Chapais,CA,2021-08-08 21:38:21,49.7834,-74.8492,71.38,35,94,6.58
286,Shubarkuduk,KZ,2021-08-08 21:38:21,49.1447,56.4872,70.39,35,0,8.5
287,Carutapera,BR,2021-08-08 21:38:22,-1.195,-46.02,75.67,91,6,5.64
288,Amahai,ID,2021-08-08 21:38:22,-3.3333,128.9167,76.37,86,100,2.21
289,Nicoya,CR,2021-08-08 21:38:22,10.1483,-85.452,72.95,86,93,2.13
290,Saskylakh,RU,2021-08-08 21:38:23,71.9167,114.0833,60.04,67,100,5.88
291,Ust-Kulom,RU,2021-08-08 21:38:23,61.6864,53.6902,46.89,97,56,2.64
292,Rawson,AR,2021-08-08 21:38:23,-43.3002,-65.1023,46.44,55,0,7.29
293,Hualmay,PE,2021-08-08 21:38:24,-11.0964,-77.6139,64.36,78,38,14.09
294,Sisimiut,GL,2021-08-08 21:35:57,66.9395,-53.6735,43.38,80,97,3.89
295,Upernavik,GL,2021-08-08 21:38:24,72.7868,-56.1549,41.14,86,100,4.16
296,Kyabram,AU,2021-08-08 21:38:24,-36.3167,145.05,47.88,80,100,6.85
297,Iqaluit,CA,2021-08-08 21:34:34,63.7506,-68.5145,44.33,87,90,6.91
298,Milkovo,RU,2021-08-08 21:38:25,54.7167,158.6167,54.34,67,96,0.63
299,North Vanlaiphai,IN,2021-08-08 21:38:25,23.1333,93.0667,61.63,100,89,1.12
300,Vao,NC,2021-08-08 21:38:26,-22.6667,167.4833,67.78,56,40,15.9
301,Clyde River,CA,2021-08-08 21:38:26,70.4692,-68.5914,46.63,81,40,13.8
302,Quatre Cocos,MU,2021-08-08 21:38:26,-20.2078,57.7625,68.11,87,91,19.89
303,Suplac,RO,2021-08-08 21:38:26,46.3833,24.5167,73.08,82,4,4.61
304,San Carlos,VE,2021-08-08 21:35:46,9.6612,-68.5827,80.33,80,60,0.76
305,Banda Aceh,ID,2021-08-08 21:33:39,5.5577,95.3222,79.45,84,84,8.55
306,Taoudenni,ML,2021-08-08 21:38:27,22.6783,-3.9836,103.03,8,12,12.57
307,Urucara,BR,2021-08-08 21:38:27,-2.5364,-57.76,84.13,50,79,0.69
308,Odessa,UA,2021-08-08 21:37:23,46.4775,30.7326,66.13,77,0,6.71
309,Adrar,MR,2021-08-08 21:38:28,20.5022,-10.0711,89.62,16,10,10.74
310,Alekseyevka,RU,2021-08-08 21:34:09,50.6309,38.6903,81.16,24,100,11.12
311,Waingapu,ID,2021-08-08 21:34:53,-9.6567,120.2641,72.48,78,54,8.1
312,Kaeo,NZ,2021-08-08 21:38:28,-35.1,173.7833,47.32,88,71,11.23
313,Viedma,AR,2021-08-08 21:35:32,-40.8135,-62.9967,45.18,59,89,7.49
314,Mahibadhoo,MV,2021-08-08 21:38:29,3.7833,72.9667,82.92,74,100,12.91
315,Saint-Pierre,RE,2021-08-08 21:38:29,-21.3393,55.4781,67.64,74,0,4.61
316,Mouzouras,GR,2021-08-08 21:38:29,35.5333,24.15,82.44,73,0,0.0
317,Alice Town,BS,2021-08-08 21:38:30,25.7167,-79.3,84.43,70,1,6.98
318,Kavaratti,IN,2021-08-08 21:38:30,10.5669,72.642,78.89,86,100,19.19
319,Nhulunbuy,AU,2021-08-08 21:38:30,-12.2333,136.7667,74.01,83,75,10.36
320,Inhambane,MZ,2021-08-08 21:38:31,-23.865,35.3833,65.1,66,0,7.2
321,Songjianghe,CN,2021-08-08 21:38:31,42.1859,127.479,61.34,75,0,2.48
322,Nantucket,US,2021-08-08 21:35:42,41.2835,-70.0995,82.51,70,1,9.22
323,Olden,NO,2021-08-08 21:38:32,61.8364,6.8064,59.9,80,51,2.13
324,Santa Rosa,PH,2021-08-08 21:38:32,14.3122,121.1114,80.58,87,90,3.98
325,Alta Floresta,BR,2021-08-08 21:38:32,-9.8756,-56.0861,85.05,29,21,2.82
326,Dafeng,CN,2021-08-08 21:38:33,23.4517,108.5881,80.04,94,100,3.74
327,Saint-Joseph,RE,2021-08-08 21:38:33,-21.3667,55.6167,66.56,80,13,4.5
328,Kikwit,CD,2021-08-08 21:38:33,-5.041,18.8162,78.4,38,5,0.56
329,Pangody,RU,2021-08-08 21:38:33,65.85,74.4859,54.88,91,5,13.13
330,Aksarka,RU,2021-08-08 21:38:34,66.5606,67.7975,51.82,67,100,10.98
331,Gisborne,NZ,2021-08-08 21:38:35,-38.6533,178.0042,45.95,83,100,29.57
332,Dukat,RU,2021-08-08 21:38:35,62.55,155.55,53.04,62,6,8.01
333,Knysna,ZA,2021-08-08 21:38:35,-34.0363,23.0471,55.78,65,100,5.14
334,Luanda,AO,2021-08-08 21:36:04,-8.8368,13.2343,73.4,83,0,3.44
335,Dukhovnitskoye,RU,2021-08-08 21:38:36,52.4828,48.2137,72.41,50,83,5.97
336,Tsevie,TG,2021-08-08 21:38:36,6.4261,1.2133,76.08,88,100,9.33
337,Eldorado,BR,2021-08-08 21:36:50,-23.7869,-54.2836,70.7,47,6,5.77
338,Thaba Nchu,ZA,2021-08-08 21:38:36,-29.2093,26.839,53.38,26,6,5.66
339,Pithoro,PK,2021-08-08 21:38:37,25.5167,69.3833,81.46,69,0,16.58
340,Bilma,NE,2021-08-08 21:38:37,18.6853,12.9164,95.67,27,35,5.35
341,Tessalit,ML,2021-08-08 21:38:37,20.1986,1.0114,90.95,35,99,10.11
342,Imbituba,BR,2021-08-08 21:37:25,-28.24,-48.6703,67.89,88,0,11.59
343,Huarmey,PE,2021-08-08 21:38:38,-10.0681,-78.1522,65.98,77,4,13.02
344,Japura,ID,2021-08-08 21:38:38,-0.3167,102.35,75.16,90,67,0.81
345,Port-Gentil,GA,2021-08-08 21:38:39,-0.7193,8.7815,75.16,88,75,5.75
346,Pavilosta,LV,2021-08-08 21:38:39,56.8879,21.1859,64.31,90,26,12.71
347,Saldanha,ZA,2021-08-08 21:38:39,-33.0117,17.9442,55.45,89,100,15.97
348,Leninsk,RU,2021-08-08 21:38:39,48.7119,45.1994,91.26,15,100,22.93
349,Bereda,ES,2021-08-08 21:38:40,43.2686,-7.5406,58.75,95,66,2.89
350,Kununurra,AU,2021-08-08 21:38:40,-15.7667,128.7333,53.58,82,0,4.61
351,Lengshuijiang,CN,2021-08-08 21:38:40,27.6881,111.4294,79.21,89,100,1.81
352,Hit,IQ,2021-08-08 21:38:41,33.6416,42.8251,93.27,18,0,13.22
353,Yenagoa,NG,2021-08-08 21:38:41,4.9247,6.2642,72.28,93,100,3.36
354,Santa Maria,BR,2021-08-08 21:37:20,-29.6842,-53.8069,76.3,61,0,4.61
355,Puerto Madryn,AR,2021-08-08 21:38:42,-42.7692,-65.0385,49.03,43,0,9.48
356,Svetlogorsk,BY,2021-08-08 21:38:42,52.6333,29.7333,68.4,59,45,5.1
357,Pismo Beach,US,2021-08-08 21:38:42,35.1428,-120.6413,85.64,59,1,1.99
358,Lata,PT,2021-08-08 21:38:43,40.1629,-8.3327,61.05,95,0,2.33
359,Mayor Pablo Lagerenza,PY,2021-08-08 21:38:43,-19.9309,-60.7718,90.86,23,11,8.66
360,Scarborough,GB,2021-08-08 21:38:43,54.2797,-0.4044,59.54,84,59,4.0
361,Divnomorskoye,RU,2021-08-08 21:38:43,44.5011,38.1353,73.47,78,73,5.17
362,Agadez,NE,2021-08-08 21:38:44,19.75,10.25,92.7,26,84,10.63
363,Tongliao,CN,2021-08-08 21:38:44,43.6125,122.2653,70.7,72,83,4.45
364,Vostok,RU,2021-08-08 21:38:45,46.4856,135.8833,53.42,88,100,4.7
365,Puerto Leguizamo,CO,2021-08-08 21:38:45,-0.1934,-74.7819,80.33,72,89,3.04
366,Seoul,KR,2021-08-08 21:33:50,37.5683,126.9778,73.81,83,0,9.22
367,Plettenberg Bay,ZA,2021-08-08 21:38:46,-34.0527,23.3716,56.37,70,100,6.49
368,Eyl,SO,2021-08-08 21:38:46,7.9803,49.8164,76.1,84,43,24.25
369,Vardo,NO,2021-08-08 21:38:46,70.3705,31.1107,60.55,79,6,6.31
370,Fuyang,CN,2021-08-08 21:38:46,32.9,115.8167,74.89,91,100,6.55
371,Hearst,CA,2021-08-08 21:36:44,49.6835,-83.6665,75.45,85,89,8.23
372,Longyearbyen,SJ,2021-08-08 21:38:47,78.2186,15.6401,40.84,93,40,10.36
373,Maues,BR,2021-08-08 21:38:47,-3.3836,-57.7186,84.83,47,21,1.12
374,Acari,PE,2021-08-08 21:34:08,-15.4311,-74.6158,66.06,73,52,7.47
375,Immokalee,US,2021-08-08 21:38:48,26.4187,-81.4173,87.91,70,20,8.05
376,Tefe,BR,2021-08-08 21:35:41,-3.3542,-64.7114,87.91,66,20,9.22
377,Timmins,CA,2021-08-08 21:35:50,48.4669,-81.3331,64.22,94,90,9.22
378,Ryotsu,JP,2021-08-08 21:38:48,38.0833,138.4333,80.56,83,97,7.02
379,Komsomolskiy,UZ,2021-08-08 21:38:49,40.4272,71.7189,78.22,33,0,9.22
380,Ampanihy,MG,2021-08-08 21:38:49,-24.7,44.75,61.43,88,0,6.35
381,Harrison,US,2021-08-08 21:38:49,30.4091,-89.0436,91.45,69,1,11.5
382,Hays,US,2021-08-08 21:38:49,30.0502,-98.0336,95.63,56,40,8.01
383,Severo-Kurilsk,RU,2021-08-08 21:38:50,50.6789,156.125,55.27,89,50,12.08
384,Tilichiki,RU,2021-08-08 21:38:50,60.4667,166.1,56.07,53,95,11.63
385,Yokadouma,CM,2021-08-08 21:38:51,3.5167,15.05,68.05,99,44,0.83
386,Igarka,RU,2021-08-08 21:38:51,67.4667,86.5833,52.75,76,1,3.11
387,Ostersund,SE,2021-08-08 21:38:51,63.1792,14.6357,57.65,100,20,10.36
388,Itoman,JP,2021-08-08 21:38:51,26.1247,127.6694,80.98,94,75,16.11
389,Bonavista,CA,2021-08-08 21:38:52,48.6499,-53.1147,58.12,78,82,18.14
390,Jardim,BR,2021-08-08 21:38:52,-21.4803,-56.1381,79.09,30,0,5.01
391,Slavutych,UA,2021-08-08 21:38:53,51.5196,30.7343,63.88,58,75,1.3
392,Martapura,ID,2021-08-08 21:38:53,-3.4167,114.85,75.29,94,20,5.75
393,Barillas,GT,2021-08-08 21:38:53,15.8036,-91.3158,84.54,92,70,1.97
394,Dogondoutchi,NE,2021-08-08 21:38:54,13.6393,4.0287,87.24,56,99,11.77
395,Bilibino,RU,2021-08-08 21:34:42,68.0546,166.4372,56.05,36,79,2.01
396,Tommot,RU,2021-08-08 21:38:54,58.9564,126.2925,61.79,82,25,2.82
397,Uruzgan,AF,2021-08-08 21:38:54,32.8333,66.0,73.96,14,4,4.41
398,Trairi,BR,2021-08-08 21:36:41,-3.2778,-39.2689,78.91,78,8,14.61
399,Constitucion,CL,2021-08-08 21:38:55,-35.3333,-72.4167,49.32,69,100,2.68
400,Itarema,BR,2021-08-08 21:35:54,-2.9248,-39.9167,79.25,76,6,18.72
401,Severnyy,RU,2021-08-08 21:38:55,50.677,36.5532,69.84,68,0,6.71
402,Araguaina,BR,2021-08-08 21:38:55,-7.1911,-48.2072,83.07,31,2,4.81
403,Champerico,GT,2021-08-08 21:38:56,14.3,-91.9167,90.14,78,92,6.62
404,Chernenko,RU,2021-08-08 21:38:56,44.365,39.3103,66.11,96,96,2.98
405,Sept-Iles,CA,2021-08-08 21:35:05,50.2001,-66.3821,63.12,66,40,5.01
406,Birao,CF,2021-08-08 21:36:18,10.2849,22.7882,69.62,97,100,3.18
407,Harbour Breton,CA,2021-08-08 21:38:57,47.4833,-55.7983,61.79,85,86,13.56
408,Callaway,US,2021-08-08 21:38:57,30.153,-85.5699,89.01,73,1,5.99
409,Quang Ngai,VN,2021-08-08 21:35:54,15.1167,108.8,79.03,86,83,4.07
410,Champasak,LA,2021-08-08 21:38:57,14.75,106.0,74.95,99,87,1.86
411,Mogadishu,SO,2021-08-08 21:35:42,2.0371,45.3438,76.37,88,89,19.51
412,Brive-La-Gaillarde,FR,2021-08-08 21:38:58,45.25,1.5,57.83,38,92,1.9
413,Guiyang,CN,2021-08-08 21:38:58,26.5833,106.7167,77.49,78,75,4.47
414,Kishtwar,IN,2021-08-08 21:38:59,33.3167,75.7667,63.81,87,9,3.58
415,Palmer,US,2021-08-08 21:38:59,42.1584,-72.3287,83.86,59,75,4.61
416,Kualakapuas,ID,2021-08-08 21:38:59,-3.0091,114.3876,75.36,95,100,2.98
417,Watsa,CD,2021-08-08 21:39:00,3.0372,29.5355,64.24,98,100,0.16
418,San Patricio,US,2021-08-08 21:39:00,28.017,-97.5169,95.41,55,29,19.77
419,Lazarev,RU,2021-08-08 21:39:00,52.225,141.5131,53.4,79,100,4.43
420,Ostrovnoy,RU,2021-08-08 21:39:01,68.0531,39.5131,49.57,77,0,8.12
421,Noumea,NC,2021-08-08 21:36:37,-22.2763,166.4572,67.98,56,75,11.61
422,Lodja,CD,2021-08-08 21:39:01,-3.4833,23.4333,73.98,61,65,2.48
423,Hamilton,US,2021-08-08 21:39:02,39.1834,-84.5333,91.74,54,20,1.01
424,Rio Gallegos,AR,2021-08-08 21:39:02,-51.6226,-69.2181,46.45,46,0,16.11
425,Road Town,VG,2021-08-08 21:39:02,18.4167,-64.6167,84.29,84,40,6.91
426,Loandjili,CG,2021-08-08 21:39:03,-4.7561,11.8578,75.31,83,75,4.61
427,Comodoro Rivadavia,AR,2021-08-08 21:34:56,-45.8667,-67.5,48.06,46,0,6.91
428,Kutahya,TR,2021-08-08 21:39:03,39.4242,29.9833,62.55,92,0,2.48
429,Bandarbeyla,SO,2021-08-08 21:39:03,9.4942,50.8122,76.17,84,63,28.3
430,Brawley,US,2021-08-08 21:39:04,32.9787,-115.5303,109.49,21,1,5.75
431,Hirara,JP,2021-08-08 21:39:04,24.8,125.2833,82.2,84,86,12.15
432,Mazagao,BR,2021-08-08 21:39:04,-0.115,-51.2894,89.65,71,94,5.75
433,Lorengau,PG,2021-08-08 21:35:35,-2.0226,147.2712,81.93,78,80,8.37
434,Qaqortoq,GL,2021-08-08 21:39:05,60.7167,-46.0333,52.3,81,8,16.22
435,Saint-Francois,FR,2021-08-08 21:39:05,46.4154,3.9054,60.19,90,0,3.44
436,Pochutla,MX,2021-08-08 21:39:06,15.7432,-96.4661,85.82,72,88,7.63
437,Riyadh,SA,2021-08-08 21:36:13,24.6877,46.7219,96.94,19,33,8.25
438,Shimoda,JP,2021-08-08 21:39:06,34.6667,138.95,80.65,92,58,18.61
439,Toppenish,US,2021-08-08 21:39:07,46.3774,-120.3087,78.69,18,1,7.76
440,Brae,GB,2021-08-08 21:39:07,60.3964,-1.353,57.11,93,100,6.89
441,Joao Pessoa,BR,2021-08-08 21:39:07,-7.115,-34.8631,77.23,83,75,8.05
442,Gurlan,UZ,2021-08-08 21:39:08,41.8447,60.3919,78.71,24,0,9.75
443,Necochea,AR,2021-08-08 21:36:35,-38.5473,-58.7368,47.12,64,100,4.5
444,Bourail,NC,2021-08-08 21:39:08,-21.5667,165.4833,68.27,52,58,11.01
445,Batemans Bay,AU,2021-08-08 21:39:08,-35.7167,150.1833,45.91,71,46,2.75
446,Bacolod,PH,2021-08-08 21:39:09,10.6667,122.95,77.61,84,96,6.29
447,Vacaria,BR,2021-08-08 21:39:09,-28.5122,-50.9339,58.6,67,2,1.79
448,Laishevo,RU,2021-08-08 21:39:09,55.4046,49.5504,68.22,61,37,8.52
449,Sitka,US,2021-08-08 21:39:10,57.0531,-135.33,62.49,72,75,11.5
450,Winneba,GH,2021-08-08 21:39:10,5.3511,-0.6231,77.47,90,80,11.72
451,Maunatlala,BW,2021-08-08 21:39:10,-22.597,27.6301,60.3,53,0,3.13
452,Tazovskiy,RU,2021-08-08 21:39:11,67.4667,78.7,50.52,71,1,10.22
453,Walvis Bay,NA,2021-08-08 21:39:11,-22.9575,14.5053,54.09,82,33,1.14
454,Richards Bay,ZA,2021-08-08 21:39:11,-28.783,32.0377,67.69,54,0,13.98
455,Yichang,CN,2021-08-08 21:39:12,30.7144,111.2847,77.54,94,100,0.72
456,Aksum,ET,2021-08-08 21:39:12,14.1245,38.7244,58.01,90,99,4.14
457,Itaituba,BR,2021-08-08 21:39:12,-4.2761,-55.9836,93.36,49,20,0.0
458,Siderno,IT,2021-08-08 21:39:13,38.2779,16.302,81.28,53,0,7.25
459,Namibe,AO,2021-08-08 21:39:13,-15.1961,12.1522,63.5,81,39,5.44
460,Zelenogradsk,RU,2021-08-08 21:39:14,54.9589,20.4767,57.25,94,40,4.47
461,Kahta,TR,2021-08-08 21:39:14,37.7855,38.6237,76.37,46,0,2.37
462,Atar,MR,2021-08-08 21:37:42,20.5169,-13.0499,96.26,27,7,4.07
463,Saurimo,AO,2021-08-08 21:39:15,-9.6608,20.3916,64.81,22,38,3.96
464,Shebunino,RU,2021-08-08 21:39:15,46.4339,141.8603,59.76,87,100,18.43
465,Awbari,LY,2021-08-08 21:39:15,26.5921,12.7805,92.61,10,0,4.43
466,Oranjemund,NA,2021-08-08 21:39:16,-28.55,16.4333,58.64,67,99,7.29
467,Mocuba,MZ,2021-08-08 21:39:16,-16.8392,36.9856,61.2,90,0,2.17
468,Labuhan,ID,2021-08-08 21:39:16,-6.8844,112.2051,77.02,89,46,8.52
469,Yarada,IN,2021-08-08 21:39:17,17.65,83.2667,84.52,94,75,4.61
470,Zhangye,CN,2021-08-08 21:39:17,38.9342,100.4517,67.84,39,0,5.64
471,Xiongzhou,CN,2021-08-08 21:39:17,25.1167,114.3,78.01,94,98,2.13
472,Roznov,RO,2021-08-08 21:39:18,46.8333,26.5167,66.96,66,0,3.36
473,Deputatskiy,RU,2021-08-08 21:39:18,69.3,139.9,62.35,54,53,3.4
474,Dunedin,NZ,2021-08-08 21:39:18,-45.8742,170.5036,37.8,81,88,5.01
475,Paita,PE,2021-08-08 21:39:19,-5.0892,-81.1144,68.38,70,4,20.18
476,Wasilla,US,2021-08-08 21:35:39,61.5814,-149.4394,54.52,90,90,0.0
477,Avera,US,2021-08-08 21:38:32,33.194,-82.5271,93.7,54,88,7.0
478,Port Hawkesbury,CA,2021-08-08 21:39:19,45.6169,-61.3485,72.52,77,1,8.01
479,Makakilo City,US,2021-08-08 21:37:25,21.3469,-158.0858,86.32,50,75,9.22
480,Kaka,TM,2021-08-08 21:39:20,37.3482,59.6143,87.26,17,0,3.29
481,Moranbah,AU,2021-08-08 21:39:20,-22.0016,148.0466,56.95,79,3,13.58
482,Medea,DZ,2021-08-08 21:39:20,36.2642,2.7539,68.45,61,73,4.0
483,Krasnoshchekovo,RU,2021-08-08 21:39:21,51.6708,82.7289,60.31,85,99,2.53
484,Campo Formoso,BR,2021-08-08 21:39:21,-10.5075,-40.3214,65.91,52,14,5.91
485,Bouca,CF,2021-08-08 21:39:21,6.5105,18.2733,67.96,96,58,1.7
486,Lipetsk,RU,2021-08-08 21:39:22,52.6031,39.5708,79.18,31,100,10.11
487,Hami,CN,2021-08-08 21:34:45,42.8,93.45,82.78,16,100,5.91
488,Jieshi,CN,2021-08-08 21:39:22,22.8134,115.8257,81.52,87,100,8.75
489,Coquimbo,CL,2021-08-08 21:39:22,-29.9533,-71.3436,56.93,71,20,10.36
490,Strezhevoy,RU,2021-08-08 21:39:23,60.7333,77.5889,62.58,73,100,5.75
491,Salalah,OM,2021-08-08 21:39:23,17.0151,54.0924,77.09,100,90,3.44
492,Serebryansk,KZ,2021-08-08 21:36:57,49.6925,83.2892,60.35,58,98,4.99
493,Stockach,DE,2021-08-08 21:39:23,47.85,9.0167,60.17,88,37,1.57
494,Myra,IT,2021-08-08 21:39:24,45.4358,12.1348,75.63,80,0,9.22
495,Ligayan,PH,2021-08-08 21:39:24,4.6533,119.4706,82.92,73,100,4.56
496,Iguape,BR,2021-08-08 21:39:24,-24.7081,-47.5553,63.55,91,2,5.7
497,Bayog,PH,2021-08-08 21:39:25,7.8667,123.0667,74.91,84,100,2.95
498,Katobu,ID,2021-08-08 21:39:25,-4.9408,122.5276,72.19,95,74,3.49
499,Warner Robins,US,2021-08-08 21:35:18,32.621,-83.5999,91.56,57,75,6.91
500,Muttupet,IN,2021-08-08 21:39:25,10.4,79.4833,83.07,78,100,8.48
501,Moose Factory,CA,2021-08-08 21:39:26,51.2585,-80.6094,77.0,41,1,13.8
502,Miles City,US,2021-08-08 21:39:26,46.4083,-105.8406,102.51,12,1,11.5
503,Sunndalsora,NO,2021-08-08 21:39:27,62.6754,8.5515,59.05,81,92,1.74
504,Augusta,DE,2021-08-08 21:39:27,48.3667,10.8833,58.68,91,20,3.44
505,Khani,GE,2021-08-08 21:39:27,41.9563,42.9566,63.97,91,83,3.4
506,Maitum,PH,2021-08-08 21:39:28,6.0392,124.4986,76.44,81,100,2.86
507,Didsbury,GB,2021-08-08 21:39:28,53.417,-2.2315,60.67,86,54,5.01
508,Nelson Bay,AU,2021-08-08 21:39:28,-32.7167,152.15,55.99,89,100,10.89
509,Prachatice,CZ,2021-08-08 21:39:29,49.0129,13.9975,58.66,95,100,5.41
510,Dicabisagan,PH,2021-08-08 21:39:29,17.0818,122.4157,77.52,82,100,3.04
511,Cunen,GT,2021-08-08 21:39:29,15.3375,-91.0269,80.2,69,97,5.66
512,Pichataro,MX,2021-08-08 21:39:29,19.5667,-101.8,60.8,90,92,3.27
513,Townsville,AU,2021-08-08 21:39:30,-19.25,146.8,58.08,94,20,5.75
514,Mantua,IT,2021-08-08 21:39:30,45.1667,10.7833,77.95,63,26,1.01
515,Sao Felix Do Xingu,BR,2021-08-08 21:36:17,-6.6447,-51.995,83.03,35,23,2.24
516,Kalianget,ID,2021-08-08 21:39:31,-7.05,113.9333,79.88,81,54,12.39
517,Ulladulla,AU,2021-08-08 21:39:31,-35.35,150.4667,45.5,66,99,4.18
518,Tarakan,ID,2021-08-08 21:39:31,3.3,117.6333,78.3,83,40,5.75
519,Caconda,AO,2021-08-08 21:39:32,-13.7333,15.0667,58.24,19,65,3.33
520,Port-Cartier,CA,2021-08-08 21:39:32,50.0334,-66.8654,62.82,55,3,8.21
521,Bossier City,US,2021-08-08 21:39:32,32.516,-93.7321,96.98,48,20,9.22
522,Sulangan,PH,2021-08-08 21:39:33,11.1373,123.7228,81.27,78,99,3.71
523,Vestmannaeyjar,IS,2021-08-08 21:39:33,63.4427,-20.2734,56.23,81,82,7.52
524,Glenwood Springs,US,2021-08-08 21:35:29,39.5505,-107.3248,90.52,24,1,11.5
525,Broome,US,2021-08-08 21:36:43,42.2506,-75.833,86.2,57,20,1.99
526,Altagracia De Orituco,VE,2021-08-08 21:39:34,9.8601,-66.3814,74.79,90,99,4.07
527,Wajid,SO,2021-08-08 21:39:34,3.8093,43.2471,73.71,68,97,20.24
528,Ruza,RU,2021-08-08 21:39:34,55.699,36.1952,60.94,88,40,1.23
529,Wajima,JP,2021-08-08 21:39:35,37.4,136.9,82.94,83,100,14.65
530,Bara,NG,2021-08-08 21:39:35,10.3744,10.7288,75.18,86,99,9.15
531,Seymour,US,2021-08-08 21:37:41,38.9592,-85.8903,91.11,56,62,5.99
532,Shenjiamen,CN,2021-08-08 21:39:35,29.9576,122.298,77.94,81,53,2.82
533,Sangar,RU,2021-08-08 21:39:36,63.9242,127.4739,62.37,46,4,10.02
534,Ngunguru,NZ,2021-08-08 21:39:36,-35.6167,174.5,47.16,73,99,15.3
535,Acarau,BR,2021-08-08 21:37:19,-2.8856,-40.12,79.48,75,6,20.0
536,Cozumel,MX,2021-08-08 21:36:08,20.5083,-86.9458,89.67,73,40,5.01
537,Tarauaca,BR,2021-08-08 21:35:56,-8.1614,-70.7656,90.23,35,11,1.66
538,Maine-Soroa,NE,2021-08-08 21:39:37,13.2114,12.0241,81.05,67,36,11.56
539,Spearfish,US,2021-08-08 21:39:37,44.4908,-103.8594,96.66,17,20,1.99
540,Mnichovice,CZ,2021-08-08 21:39:37,49.936,14.7091,59.38,90,93,7.27
541,Taltal,CL,2021-08-08 21:39:38,-25.4,-70.4833,58.53,67,43,4.9
